제목,링크주소
Input/output,io.html
Pickling,io.html#pickling
Flat file,io.html#flat-file
Clipboard,io.html#clipboard
Excel,io.html#excel
JSON,io.html#json
HTML,io.html#html
XML,io.html#xml
Latex,io.html#latex
HDFStore: PyTables (HDF5),io.html#hdfstore-pytables-hdf5
Feather,io.html#feather
Parquet,io.html#parquet
ORC,io.html#orc
SAS,io.html#sas
SPSS,io.html#spss
SQL,io.html#sql
Google BigQuery,io.html#google-bigquery
STATA,io.html#stata
General functions,general_functions.html
Data manipulations,general_functions.html#data-manipulations
Top-level missing data,general_functions.html#top-level-missing-data
Top-level dealing with numeric data,general_functions.html#top-level-dealing-with-numeric-data
Top-level dealing with datetimelike data,general_functions.html#top-level-dealing-with-datetimelike-data
Top-level dealing with Interval data,general_functions.html#top-level-dealing-with-interval-data
Top-level evaluation,general_functions.html#top-level-evaluation
Datetime formats,general_functions.html#datetime-formats
Hashing,general_functions.html#hashing
Importing from other DataFrame libraries,general_functions.html#importing-from-other-dataframe-libraries
Series,series.html
Constructor,series.html#constructor
Attributes,series.html#attributes
Conversion,series.html#conversion
"Indexing, iteration",series.html#indexing-iteration
Binary operator functions,series.html#binary-operator-functions
"Function application, GroupBy & window",series.html#function-application-groupby-window
Computations / descriptive stats,series.html#computations-descriptive-stats
Reindexing / selection / label manipulation,series.html#reindexing-selection-label-manipulation
Missing data handling,series.html#missing-data-handling
"Reshaping, sorting",series.html#reshaping-sorting
Combining / comparing / joining / merging,series.html#combining-comparing-joining-merging
Time Series-related,series.html#time-series-related
Accessors,series.html#accessors
Plotting,series.html#plotting
Serialization / IO / conversion,series.html#serialization-io-conversion
DataFrame,frame.html
Constructor,frame.html#constructor
Attributes and underlying data,frame.html#attributes-and-underlying-data
Conversion,frame.html#conversion
"Indexing, iteration",frame.html#indexing-iteration
Binary operator functions,frame.html#binary-operator-functions
"Function application, GroupBy & window",frame.html#function-application-groupby-window
Computations / descriptive stats,frame.html#computations-descriptive-stats
Reindexing / selection / label manipulation,frame.html#reindexing-selection-label-manipulation
Missing data handling,frame.html#missing-data-handling
"Reshaping, sorting, transposing",frame.html#reshaping-sorting-transposing
Combining / comparing / joining / merging,frame.html#combining-comparing-joining-merging
Time Series-related,frame.html#time-series-related
Flags,frame.html#flags
Metadata,frame.html#metadata
Plotting,frame.html#plotting
Sparse accessor,frame.html#sparse-accessor
Serialization / IO / conversion,frame.html#serialization-io-conversion
"pandas arrays, scalars, and data types",arrays.html
Objects,arrays.html#objects
Utilities,arrays.html#utilities
Index objects,indexing.html
Index,indexing.html#index
Numeric Index,indexing.html#numeric-index
CategoricalIndex,indexing.html#categoricalindex
IntervalIndex,indexing.html#intervalindex
MultiIndex,indexing.html#multiindex
DatetimeIndex,indexing.html#datetimeindex
TimedeltaIndex,indexing.html#timedeltaindex
PeriodIndex,indexing.html#periodindex
Date offsets,offset_frequency.html
DateOffset,offset_frequency.html#dateoffset
BusinessDay,offset_frequency.html#businessday
BusinessHour,offset_frequency.html#businesshour
CustomBusinessDay,offset_frequency.html#custombusinessday
CustomBusinessHour,offset_frequency.html#custombusinesshour
MonthEnd,offset_frequency.html#monthend
MonthBegin,offset_frequency.html#monthbegin
BusinessMonthEnd,offset_frequency.html#businessmonthend
BusinessMonthBegin,offset_frequency.html#businessmonthbegin
CustomBusinessMonthEnd,offset_frequency.html#custombusinessmonthend
CustomBusinessMonthBegin,offset_frequency.html#custombusinessmonthbegin
SemiMonthEnd,offset_frequency.html#semimonthend
SemiMonthBegin,offset_frequency.html#semimonthbegin
Week,offset_frequency.html#week
WeekOfMonth,offset_frequency.html#weekofmonth
LastWeekOfMonth,offset_frequency.html#lastweekofmonth
BQuarterEnd,offset_frequency.html#bquarterend
BQuarterBegin,offset_frequency.html#bquarterbegin
QuarterEnd,offset_frequency.html#quarterend
QuarterBegin,offset_frequency.html#quarterbegin
BYearEnd,offset_frequency.html#byearend
BYearBegin,offset_frequency.html#byearbegin
YearEnd,offset_frequency.html#yearend
YearBegin,offset_frequency.html#yearbegin
FY5253,offset_frequency.html#fy5253
FY5253Quarter,offset_frequency.html#fy5253quarter
Easter,offset_frequency.html#easter
Tick,offset_frequency.html#tick
Day,offset_frequency.html#day
Hour,offset_frequency.html#hour
Minute,offset_frequency.html#minute
Second,offset_frequency.html#second
Milli,offset_frequency.html#milli
Micro,offset_frequency.html#micro
Nano,offset_frequency.html#nano
Frequencies,offset_frequency.html#frequencies
pandas.tseries.frequencies.to_offset,api/pandas.tseries.frequencies.to_offset.html
Window,window.html
Rolling window functions,window.html#rolling-window-functions
Weighted window functions,window.html#weighted-window-functions
Expanding window functions,window.html#expanding-window-functions
Exponentially-weighted window functions,window.html#exponentially-weighted-window-functions
Window indexer,window.html#window-indexer
GroupBy,groupby.html
"Indexing, iteration",groupby.html#indexing-iteration
Function application helper,groupby.html#function-application-helper
Function application,groupby.html#function-application
DataFrameGroupBy computations / descriptive stats,groupby.html#dataframegroupby-computations-descriptive-stats
SeriesGroupBy computations / descriptive stats,groupby.html#seriesgroupby-computations-descriptive-stats
Plotting and visualization,groupby.html#plotting-and-visualization
Resampling,resampling.html
"Indexing, iteration",resampling.html#indexing-iteration
Function application,resampling.html#function-application
Upsampling,resampling.html#upsampling
Computations / descriptive stats,resampling.html#computations-descriptive-stats
Style,style.html
Styler constructor,style.html#styler-constructor
Styler properties,style.html#styler-properties
Style application,style.html#style-application
Builtin styles,style.html#builtin-styles
Style export and import,style.html#style-export-and-import
Plotting,plotting.html
pandas.plotting.andrews_curves,api/pandas.plotting.andrews_curves.html
pandas.plotting.autocorrelation_plot,api/pandas.plotting.autocorrelation_plot.html
pandas.plotting.bootstrap_plot,api/pandas.plotting.bootstrap_plot.html
pandas.plotting.boxplot,api/pandas.plotting.boxplot.html
pandas.plotting.deregister_matplotlib_converters,api/pandas.plotting.deregister_matplotlib_converters.html
pandas.plotting.lag_plot,api/pandas.plotting.lag_plot.html
pandas.plotting.parallel_coordinates,api/pandas.plotting.parallel_coordinates.html
pandas.plotting.plot_params,api/pandas.plotting.plot_params.html
pandas.plotting.radviz,api/pandas.plotting.radviz.html
pandas.plotting.register_matplotlib_converters,api/pandas.plotting.register_matplotlib_converters.html
pandas.plotting.scatter_matrix,api/pandas.plotting.scatter_matrix.html
pandas.plotting.table,api/pandas.plotting.table.html
Options and settings,options.html
Working with options,options.html#working-with-options
Numeric formatting,options.html#numeric-formatting
Extensions,extensions.html
pandas.api.extensions.register_extension_dtype,api/pandas.api.extensions.register_extension_dtype.html
pandas.api.extensions.register_dataframe_accessor,api/pandas.api.extensions.register_dataframe_accessor.html
pandas.api.extensions.register_series_accessor,api/pandas.api.extensions.register_series_accessor.html
pandas.api.extensions.register_index_accessor,api/pandas.api.extensions.register_index_accessor.html
pandas.api.extensions.ExtensionDtype,api/pandas.api.extensions.ExtensionDtype.html
pandas.api.extensions.ExtensionArray,api/pandas.api.extensions.ExtensionArray.html
pandas.arrays.NumpyExtensionArray,api/pandas.arrays.NumpyExtensionArray.html
pandas.api.indexers.check_array_indexer,api/pandas.api.indexers.check_array_indexer.html
Testing,testing.html
Assertion functions,testing.html#assertion-functions
Exceptions and warnings,testing.html#exceptions-and-warnings
Bug report function,testing.html#bug-report-function
Test suite runner,testing.html#test-suite-runner
Missing values,missing_value.html
pandas.NA,api/pandas.NA.html
pandas.NaT,api/pandas.NaT.html
